{
  "project_info": {
    "project_number": "872354886188",
    "project_id": "lturewardsapp",
    "storage_bucket": "lturewardsapp.firebasestorage.app"
  },
  "client": [
    {
      "client_info": {
        "mobilesdk_app_id": "1:872354886188:android:80e5cd82381b5923105789",
        "android_client_info": {
          "package_name": "com.example.project"
        }
      },
      "oauth_client": [],
      "api_key": [
        {
          "current_key": "AIzaSyAEtG00-cLYfPvFybW7ZsFwpH-gg-myh_c"
        }
      ],
      "services": {
        "appinvite_service": {
          "other_platform_oauth_client": []
        }
      }
    }
  ],
  "configuration_version": "1"
}